root_id,root_type,split,winner,winner_source,correction_rms,strict,benchmark,goal_exit_avoided,max_goal_streak,goal_steps
root_0003_far_pre_goal_failure,far_pre_goal_failure,train,oracle_direction_gain_1.00,oracle_direction,0.019352034355203312,0,0,0,1,1
root_0005_far_pre_goal_failure,far_pre_goal_failure,train,safe_residual_mean,safe_residual,0.010038195177912712,0,1,0,1,1
root_0015_stable_hold,stable_hold,train,pca_1_neg,pca,0.004680172074586153,0,0,0,1,1
root_0016_goal_entry_pending_exit,goal_entry_pending_exit,train,oracle_direction_gain_0.50,oracle_direction,0.00991121307015419,0,0,0,1,1
root_0017_near_goal,near_goal,train,pca_2_pos,pca,0.00880476584037145,1,1,0,1,1
root_0032_goal_entry_pending_exit,goal_entry_pending_exit,train,pca_1_pos,pca,0.002246599722032746,0,0,0,0,1
root_0040_near_goal,near_goal,train,pca_3_neg,pca,0.003003616196413835,0,0,0,1,1
root_0053_near_goal,near_goal,train,oracle_direction_gain_0.10,oracle_direction,0.0018205621745437384,1,0,1,1,1
root_0058_goal_entry_pending_exit,goal_entry_pending_exit,dev,oracle_direction_gain_1.00,oracle_direction,0.03191115210453669,0,0,0,1,1
root_0070_far_pre_goal_failure,far_pre_goal_failure,train,oracle_direction_gain_1.00,oracle_direction,0.01639128476381302,0,1,0,1,1
root_0078_far_pre_goal_failure,far_pre_goal_failure,train,safe_residual_mean,safe_residual,0.01268298706660668,1,1,0,1,1
root_0088_goal_entry_pending_exit,goal_entry_pending_exit,train,pca_3_neg,pca,0.004275894568612178,0,0,0,1,1
root_0089_stable_hold,stable_hold,train,oracle_direction_gain_1.00,oracle_direction,0.015315673934916655,0,0,1,1,1
root_0091_goal_entry_pending_exit,goal_entry_pending_exit,train,oracle_direction_gain_1.00,oracle_direction,0.026950179909666378,0,0,0,1,1
root_0093_goal_entry_pending_exit,goal_entry_pending_exit,train,oracle_direction_gain_1.00,oracle_direction,0.02486240801711877,0,0,0,1,1
root_0096_far_pre_goal_failure,far_pre_goal_failure,train,pca_1_pos,pca,0.004935506420830886,1,1,0,1,1
root_0098_goal_entry_pending_exit,goal_entry_pending_exit,dev,oracle_direction_gain_1.00,oracle_direction,0.03258876937131087,0,0,0,1,1
root_0099_near_goal,near_goal,dev,pca_2_pos,pca,0.005272374954074621,0,0,0,1,1
root_0106_far_pre_goal_failure,far_pre_goal_failure,train,oracle_direction_gain_1.00,oracle_direction,0.023183142766356468,0,0,0,1,1
root_0110_stable_hold,stable_hold,train,pca_2_neg,pca,0.006063776711622874,0,0,0,1,1
root_0121_goal_entry_pending_exit,goal_entry_pending_exit,dev,pca_0_neg,pca,0.0019321064464747906,0,0,0,1,1
root_0128_stable_hold,stable_hold,dev,oracle_direction_gain_1.00,oracle_direction,0.025481128444274265,0,0,0,1,1
root_0129_goal_entry_pending_exit,goal_entry_pending_exit,train,oracle_direction_gain_1.00,oracle_direction,0.0240082951883475,0,0,0,1,1
root_0143_far_pre_goal_failure,far_pre_goal_failure,dev,oracle_direction_gain_1.00,oracle_direction,0.02682911418378353,0,1,0,1,1
root_0147_far_pre_goal_failure,far_pre_goal_failure,dev,pca_2_pos,pca,0.008186319222052893,0,1,0,1,1
root_0148_goal_entry_pending_exit,goal_entry_pending_exit,dev,pca_1_neg,pca,0.004903115642567475,0,0,0,0,1
root_0151_goal_entry_pending_exit,goal_entry_pending_exit,train,pca_0_pos,pca,0.002445052843540907,1,0,0,1,1
root_0152_near_goal,near_goal,train,pca_2_pos,pca,0.0078107731727262335,0,0,0,1,1
root_0155_goal_entry_pending_exit,goal_entry_pending_exit,train,pca_2_pos,pca,0.00965347078939279,0,0,0,1,1
root_0160_near_goal,near_goal,train,oracle_direction_gain_1.00,oracle_direction,0.025554596756895382,0,0,0,1,1
root_0178_goal_entry_pending_exit,goal_entry_pending_exit,train,pca_3_pos,pca,0.00457546254619956,0,0,0,1,1
root_0180_goal_entry_pending_exit,goal_entry_pending_exit,train,pca_3_neg,pca,0.004081934069593747,0,0,0,0,1
root_0181_stable_hold,stable_hold,train,pca_2_neg,pca,0.005856129030386607,1,0,0,1,1
root_0185_goal_entry_pending_exit,goal_entry_pending_exit,train,oracle_direction_gain_1.00,oracle_direction,0.024457484483718872,0,0,0,1,1
root_0186_goal_entry_pending_exit,goal_entry_pending_exit,dev,oracle_direction_gain_1.00,oracle_direction,0.024546900764107704,1,0,0,1,1
root_0193_goal_entry_pending_exit,goal_entry_pending_exit,train,oracle_direction_gain_1.00,oracle_direction,0.026461563383539517,0,0,0,0,1
root_0194_stable_hold,stable_hold,train,pca_3_neg,pca,0.0038366991405685744,0,0,0,1,1
root_0199_goal_entry_pending_exit,goal_entry_pending_exit,train,pca_2_neg,pca,0.006213739980012178,0,0,0,1,0
root_0202_goal_entry_pending_exit,goal_entry_pending_exit,train,pca_3_pos,pca,0.004908740054816008,0,0,0,1,1
root_0206_stable_hold,stable_hold,train,pca_2_pos,pca,0.008212104750176271,0,0,0,0,1
root_0211_stable_hold,stable_hold,train,oracle_direction_gain_0.25,oracle_direction,0.00749386427924037,0,0,0,1,1
root_0214_goal_entry_pending_exit,goal_entry_pending_exit,train,pca_1_neg,pca,0.004693865931282441,0,0,0,1,1
root_0215_stable_hold,stable_hold,train,oracle_direction_gain_0.50,oracle_direction,0.013156285199026266,0,0,0,1,1
root_0222_goal_entry_pending_exit,goal_entry_pending_exit,dev,pca_2_neg,pca,0.008248001957933107,0,0,0,0,1
root_0227_goal_entry_pending_exit,goal_entry_pending_exit,train,pca_0_neg,pca,0.002157560627286633,0,0,0,1,1
root_0228_goal_entry_pending_exit,goal_entry_pending_exit,train,oracle_direction_gain_1.00,oracle_direction,0.028157698611418407,0,0,0,1,1
root_0229_goal_entry_pending_exit,goal_entry_pending_exit,train,pca_0_pos,pca,0.0010387296400343378,0,0,0,0,1
root_0231_goal_entry_pending_exit,goal_entry_pending_exit,train,pca_2_pos,pca,0.00974202590684096,0,0,0,1,1
root_0233_goal_entry_pending_exit,goal_entry_pending_exit,dev,oracle_direction_gain_0.50,oracle_direction,0.010498893447220325,1,0,0,1,1
root_0236_goal_entry_pending_exit,goal_entry_pending_exit,train,oracle_direction_gain_0.50,oracle_direction,0.009930094393591085,1,0,0,1,1
root_0237_goal_entry_pending_exit,goal_entry_pending_exit,train,oracle_direction_gain_1.00,oracle_direction,0.0300774984061718,0,0,0,1,1
root_0239_goal_entry_pending_exit,goal_entry_pending_exit,train,oracle_direction_gain_1.00,oracle_direction,0.025129113346338272,0,0,0,1,1
